date,total_new_cases,tokyo_new_cases,total_weekly_diff,tokyo_weekly_diff,total_severe_cases,tokyo_severe_cases,total_cum_deaths,tokyo_cum_deaths,total_daily_deaths,tokyo_daily_deaths
20200116,1,0,1,0,,,,,,
20200117,0,0,0,0,,,,,,
20200118,0,0,0,0,,,,,,
20200119,0,0,0,0,,,,,,
20200120,0,0,0,0,,,,,,
20200121,0,0,0,0,,,,,,
20200122,0,0,0,0,,,,,,
20200123,0,0,-1,0,,,,,,
20200124,1,1,1,1,,,,,,
20200125,1,1,1,1,,,,,,
20200126,1,0,1,0,,,,,,
20200127,0,0,0,0,,,,,,
20200128,3,0,3,0,,,,,,
20200129,1,0,1,0,,,,,,
20200130,4,1,4,1,,,,,,
20200131,0,0,-1,-1,,,,,,
20200201,0,0,-1,-1,,,,,,
20200202,0,0,-1,0,,,,,,
20200203,0,0,0,0,,,,,,
20200204,1,0,-2,0,,,,,,
20200205,2,0,1,0,,,,,,
20200206,0,0,-4,-1,,,,,,
20200207,0,0,0,0,,,,,,
20200208,0,0,0,0,,,,,,
20200209,0,0,0,0,,,,,,
20200210,0,0,0,0,,,,,,
20200211,1,0,0,0,,,,,,
20200212,1,0,-1,0,,,,,,
20200213,3,0,3,0,,,,,,
20200214,5,0,5,0,,,,,,
20200215,4,0,4,0,,,,,,
20200216,1,0,1,0,,,,,,
20200217,6,0,6,0,,,,,,
20200218,8,3,7,3,,,,,,
20200219,9,3,8,3,,,,,,
20200220,8,0,5,0,,,,,,
20200221,13,3,8,3,,,,,,
20200222,23,1,19,1,,,,,,
20200223,10,0,9,0,,,,,,
20200224,16,3,10,3,,,,,,
20200225,8,0,0,-3,,,,,,
20200226,22,3,13,0,,,,,,
20200227,24,1,16,1,,,,,,
20200228,19,0,6,-3,,,,,,
20200229,9,1,-14,0,,,,,,
20200301,14,2,4,2,,,,,,
20200302,14,0,-2,-3,,,,,,
20200303,22,1,14,1,,,,,,
20200304,34,4,12,1,,,,,,
20200305,33,8,9,7,,,,,,
20200306,54,6,35,6,,,,,,
20200307,44,6,35,5,,,,,,
20200308,35,0,21,-2,,,,,,
20200309,27,0,13,0,,,,,,
20200310,60,3,38,2,,,,,,
20200311,52,6,18,2,,,,,,
20200312,55,2,22,-6,,,,,,
20200313,34,2,-20,-4,,,,,,
20200314,62,10,18,4,,,,,,
20200315,29,3,-6,3,,,,,,
20200316,16,0,-11,0,,,,,,
20200317,45,12,-15,9,,,,,,
20200318,39,9,-13,3,,,,,,
20200319,39,7,-16,5,,,,,,
20200320,52,11,18,9,,,,,,
20200321,35,7,-27,-3,,,,,,
20200322,45,3,16,0,,,,,,
20200323,39,16,23,16,,,,,,
20200324,89,36,44,24,,,,,,
20200325,93,41,54,32,,,,,,
20200326,93,46,54,39,,,,,,
20200327,96,21,44,10,,,,,,
20200328,222,64,187,57,,,,,,
20200329,151,72,106,69,,,,,,
20200330,80,12,41,-4,,,,,,
20200331,227,79,138,43,,,,,,
20200401,257,67,164,26,,,,,,
20200402,281,98,188,52,,,,,,
20200403,353,92,257,71,,,,,,
20200404,365,118,143,54,,,,,,
20200405,346,141,195,69,,,,,,
20200406,248,85,168,73,,,,,,
20200407,365,87,138,8,,,,,,
20200408,522,155,265,88,,,,,,
20200409,574,182,293,84,,,,,,
20200410,640,199,287,107,,,,,,
20200411,644,200,279,82,,,,,,
20200412,486,174,140,33,,,,,,
20200413,387,100,139,15,,,,,,
20200414,446,159,81,72,,,,,,
20200415,552,127,30,-28,,,,,,
20200416,558,150,-16,-32,,,,,,
20200417,572,204,-68,5,,,,,,
20200418,577,185,-67,-15,,,,,,
20200419,377,108,-109,-66,,,,,,
20200420,346,102,-41,2,,,,,,
20200421,389,125,-57,-34,,,,,,
20200422,446,123,-106,-4,,,,,,
20200423,439,134,-119,-16,,,,,,
20200424,444,171,-128,-33,,,,,,
20200425,371,119,-206,-66,,,,,,
20200426,224,82,-153,-26,,,,,,
20200427,182,41,-164,-61,,,,,,
20200428,279,114,-110,-11,,,,,,
20200429,217,46,-229,-77,,,,,,
20200430,202,59,-237,-75,,,,,,
20200501,282,165,-162,-6,,,,,,
20200502,288,154,-83,35,,,,,,
20200503,195,93,-29,11,,,,,,
20200504,181,88,-1,47,,,,,,
20200505,119,57,-160,-57,,,,,,
20200506,104,37,-113,-9,,,,,,
20200507,107,23,-95,-36,,,,,,
20200508,88,39,-194,-126,,,,,,
20200509,108,36,-180,-118,267.0,83.0,613.0,180.0,613.0,180.0
20200510,66,22,-129,-71,249.0,71.0,621.0,180.0,8.0,0.0
20200511,58,15,-123,-73,243.0,65.0,643.0,189.0,22.0,9.0
20200512,87,27,-32,-30,259.0,56.0,668.0,196.0,25.0,7.0
20200513,55,10,-49,-27,245.0,52.0,687.0,203.0,19.0,7.0
20200514,99,30,-8,7,237.0,54.0,710.0,212.0,23.0,9.0
20200515,55,9,-33,-30,232.0,53.0,725.0,219.0,15.0,7.0
20200516,56,14,-52,-22,230.0,55.0,744.0,230.0,19.0,11.0
20200517,29,5,-37,-17,228.0,54.0,749.0,237.0,5.0,7.0
20200518,30,10,-28,-5,213.0,52.0,763.0,241.0,14.0,4.0
20200519,32,5,-55,-22,210.0,49.0,771.0,244.0,8.0,3.0
20200520,37,5,-18,-5,195.0,44.0,777.0,247.0,6.0,3.0
20200521,45,11,-54,-19,176.0,42.0,796.0,256.0,19.0,9.0
20200522,30,2,-25,-7,174.0,42.0,808.0,263.0,12.0,7.0
20200523,30,3,-26,-11,168.0,43.0,820.0,271.0,12.0,8.0
20200524,40,14,11,9,165.0,41.0,830.0,280.0,10.0,9.0
20200525,22,8,-8,-2,155.0,39.0,846.0,288.0,16.0,8.0
20200526,27,10,-5,5,147.0,33.0,858.0,292.0,12.0,4.0
20200527,37,11,0,6,136.0,31.0,867.0,296.0,9.0,4.0
20200528,62,15,17,4,131.0,32.0,874.0,299.0,7.0,3.0
20200529,63,21,33,19,123.0,31.0,886.0,302.0,12.0,3.0
20200530,46,14,16,11,119.0,31.0,891.0,304.0,5.0,2.0
20200531,33,5,-7,-9,115.0,28.0,892.0,305.0,1.0,1.0
20200601,36,13,14,5,113.0,29.0,894.0,305.0,2.0,0.0
20200602,51,34,24,24,101.0,26.0,900.0,306.0,6.0,1.0
20200603,26,12,-11,1,102.0,27.0,903.0,306.0,3.0,0.0
20200604,45,28,-17,13,98.0,27.0,907.0,307.0,4.0,1.0
20200605,41,20,-22,-1,99.0,26.0,914.0,309.0,7.0,2.0
20200606,45,26,-1,12,98.0,26.0,916.0,311.0,2.0,2.0
20200607,32,14,-1,9,99.0,26.0,916.0,311.0,0.0,0.0
20200608,22,13,-14,0,92.0,24.0,916.0,311.0,0.0,0.0
20200609,30,12,-21,-22,91.0,23.0,919.0,311.0,3.0,0.0
20200610,36,18,10,6,88.0,22.0,920.0,311.0,1.0,0.0
20200611,40,22,-5,-6,82.0,21.0,922.0,311.0,2.0,0.0
20200612,57,25,16,5,76.0,23.0,924.0,313.0,2.0,2.0
20200613,43,24,-2,-2,73.0,22.0,925.0,314.0,1.0,1.0
20200614,62,47,30,33,71.0,19.0,925.0,314.0,0.0,0.0
20200615,60,48,38,35,80.0,21.0,927.0,314.0,2.0,0.0
20200616,42,27,12,15,70.0,22.0,931.0,316.0,4.0,2.0
20200617,43,16,7,-2,62.0,20.0,935.0,317.0,4.0,1.0
20200618,68,41,28,19,62.0,19.0,935.0,317.0,0.0,0.0
20200619,54,35,-3,10,61.0,18.0,952.0,320.0,17.0,3.0
20200620,65,39,22,15,59.0,18.0,953.0,320.0,1.0,0.0
20200621,48,34,-14,-13,59.0,18.0,953.0,320.0,0.0,0.0
20200622,40,29,-20,-19,62.0,19.0,955.0,321.0,2.0,1.0
20200623,53,31,11,4,60.0,20.0,963.0,323.0,8.0,2.0
20200624,89,55,46,39,58.0,20.0,967.0,325.0,4.0,2.0
20200625,79,48,11,7,51.0,19.0,968.0,325.0,1.0,0.0
20200626,99,54,45,19,48.0,17.0,970.0,325.0,2.0,0.0
20200627,88,57,23,18,45.0,14.0,970.0,325.0,0.0,0.0
20200628,111,60,63,26,43.0,13.0,971.0,325.0,1.0,0.0
20200629,110,58,70,29,42.0,12.0,971.0,325.0,0.0,0.0
20200630,132,54,79,23,40.0,10.0,973.0,325.0,2.0,0.0
20200701,125,67,36,12,37.0,10.0,974.0,325.0,1.0,0.0
20200702,194,107,115,59,33.0,9.0,975.0,325.0,1.0,0.0
20200703,249,124,150,70,32.0,9.0,976.0,325.0,1.0,0.0
20200704,268,131,180,74,33.0,9.0,976.0,325.0,0.0,0.0
20200705,195,111,84,51,34.0,9.0,976.0,325.0,0.0,0.0
20200706,174,102,64,44,36.0,8.0,977.0,325.0,1.0,0.0
20200707,203,106,71,52,35.0,8.0,979.0,325.0,2.0,0.0
20200708,203,75,78,8,38.0,6.0,980.0,325.0,1.0,0.0
20200709,352,224,158,117,31.0,6.0,981.0,325.0,1.0,0.0
20200710,418,243,169,119,33.0,5.0,981.0,325.0,0.0,0.0
20200711,374,206,106,75,32.0,5.0,981.0,325.0,0.0,0.0
20200712,390,206,195,95,34.0,5.0,981.0,325.0,0.0,0.0
20200713,246,118,72,16,40.0,6.0,981.0,325.0,0.0,0.0
20200714,326,143,123,37,38.0,7.0,983.0,325.0,2.0,0.0
20200715,438,165,235,90,37.0,8.0,984.0,326.0,1.0,1.0
20200716,619,286,267,62,39.0,7.0,984.0,326.0,0.0,0.0
20200717,588,293,170,50,41.0,10.0,984.0,326.0,0.0,0.0
20200718,654,290,280,84,43.0,10.0,984.0,326.0,0.0,0.0
20200719,501,188,111,-18,47.0,12.0,984.0,326.0,0.0,0.0
20200720,405,168,159,50,52.0,13.0,987.0,327.0,3.0,1.0
20200721,618,237,292,94,55.0,14.0,988.0,327.0,1.0,0.0
20200722,792,238,354,73,59.0,18.0,989.0,327.0,1.0,0.0
20200723,966,366,347,80,68.0,21.0,991.0,327.0,2.0,0.0
20200724,766,260,178,-33,64.0,16.0,992.0,327.0,1.0,0.0
20200725,796,295,142,5,66.0,16.0,995.0,328.0,3.0,1.0
20200726,834,239,333,51,67.0,18.0,995.0,328.0,0.0,0.0
20200727,583,131,178,-37,76.0,19.0,997.0,328.0,2.0,0.0
20200728,971,266,353,29,81.0,21.0,1000.0,328.0,3.0,0.0
20200729,1245,250,453,12,90.0,22.0,1003.0,329.0,3.0,1.0
20200730,1305,367,339,1,87.0,22.0,1005.0,330.0,2.0,1.0
20200731,1575,462,809,202,80.0,16.0,1010.0,332.0,5.0,2.0
20200801,1537,472,741,177,84.0,15.0,1011.0,332.0,1.0,0.0
20200802,1325,292,491,53,83.0,15.0,1011.0,332.0,0.0,0.0
20200803,941,258,358,127,88.0,15.0,1015.0,333.0,4.0,1.0
20200804,1240,309,269,43,104.0,22.0,1021.0,333.0,6.0,0.0
20200805,1344,263,99,13,116.0,21.0,1025.0,333.0,4.0,0.0
20200806,1479,360,174,-7,132.0,21.0,1032.0,333.0,7.0,0.0
20200807,1597,461,22,-1,139.0,23.0,1036.0,333.0,4.0,0.0
20200808,1521,429,-16,-43,156.0,25.0,1039.0,333.0,3.0,0.0
20200809,1485,331,160,39,162.0,23.0,1046.0,333.0,7.0,0.0
20200810,829,197,-112,-61,171.0,24.0,1051.0,334.0,5.0,1.0
20200811,691,188,-549,-121,177.0,22.0,1058.0,336.0,7.0,2.0
20200812,969,222,-375,-41,203.0,21.0,1062.0,336.0,4.0,0.0
20200813,1175,206,-304,-154,211.0,21.0,1072.0,338.0,10.0,2.0
20200814,1355,389,-242,-72,229.0,24.0,1084.0,338.0,12.0,0.0
20200815,1233,385,-288,-44,232.0,23.0,1087.0,338.0,3.0,0.0
20200816,1015,260,-470,-71,242.0,25.0,1098.0,340.0,11.0,2.0
20200817,630,161,-199,-36,243.0,27.0,1114.0,341.0,16.0,1.0
20200818,903,207,212,19,239.0,31.0,1127.0,344.0,13.0,3.0
20200819,1078,186,109,-36,237.0,32.0,1143.0,347.0,16.0,3.0
20200820,1176,339,1,133,247.0,36.0,1154.0,348.0,11.0,1.0
20200821,1035,258,-320,-131,246.0,33.0,1168.0,350.0,14.0,2.0
20200822,985,256,-248,-129,258.0,37.0,1175.0,350.0,7.0,0.0
20200823,737,212,-278,-48,262.0,39.0,1180.0,350.0,5.0,0.0
20200824,491,95,-139,-66,255.0,38.0,1195.0,352.0,15.0,2.0
20200825,709,182,-194,-25,251.0,34.0,1208.0,354.0,13.0,2.0
20200826,893,236,-185,50,243.0,31.0,1225.0,356.0,17.0,2.0
20200827,870,250,-306,-89,232.0,31.0,1237.0,356.0,12.0,0.0
20200828,869,226,-166,-32,233.0,30.0,1254.0,358.0,17.0,2.0
20200829,841,247,-144,-9,237.0,32.0,1263.0,358.0,9.0,0.0
20200830,598,148,-139,-64,239.0,34.0,1278.0,360.0,15.0,2.0
20200831,430,100,-61,5,237.0,32.0,1295.0,363.0,17.0,3.0
20200901,624,170,-85,-12,228.0,29.0,1306.0,364.0,11.0,1.0
20200902,585,141,-308,-95,221.0,29.0,1318.0,364.0,12.0,0.0
20200903,654,211,-216,-39,217.0,27.0,1329.0,365.0,11.0,1.0
20200904,582,136,-287,-90,214.0,28.0,1348.0,369.0,19.0,4.0
20200905,598,181,-243,-66,215.0,27.0,1356.0,369.0,8.0,0.0
20200906,447,116,-151,-32,214.0,27.0,1362.0,369.0,6.0,0.0
20200907,285,76,-145,-24,207.0,24.0,1376.0,372.0,14.0,3.0
20200908,510,170,-114,0,207.0,21.0,1392.0,378.0,16.0,6.0
20200909,507,149,-78,8,202.0,24.0,1405.0,379.0,13.0,1.0
20200910,709,276,55,65,195.0,23.0,1411.0,379.0,6.0,0.0
20200911,637,187,55,51,194.0,24.0,1422.0,380.0,11.0,1.0
20200912,639,226,41,45,184.0,23.0,1438.0,382.0,16.0,2.0
20200913,438,146,-9,30,190.0,24.0,1441.0,382.0,3.0,0.0
20200914,262,80,-23,4,179.0,22.0,1450.0,384.0,9.0,2.0
20200915,530,191,20,21,183.0,21.0,1460.0,386.0,10.0,2.0
20200916,543,163,36,14,172.0,23.0,1472.0,389.0,12.0,3.0
20200917,478,171,-231,-105,176.0,27.0,1481.0,389.0,9.0,0.0
20200918,569,220,-68,33,166.0,26.0,1494.0,390.0,13.0,1.0
20200919,592,218,-47,-8,165.0,25.0,1499.0,390.0,5.0,0.0
20200920,469,162,31,16,169.0,27.0,1499.0,390.0,0.0,0.0
20200921,306,97,44,17,169.0,27.0,1507.0,391.0,8.0,1.0
20200922,321,88,-209,-103,170.0,30.0,1511.0,391.0,4.0,0.0
20200923,216,59,-327,-104,170.0,28.0,1519.0,392.0,8.0,1.0
20200924,475,193,-3,22,167.0,29.0,1531.0,395.0,12.0,3.0
20200925,567,195,-2,-25,160.0,30.0,1539.0,399.0,8.0,4.0
20200926,634,269,42,51,164.0,29.0,1544.0,400.0,5.0,1.0
20200927,478,144,9,-18,163.0,29.0,1547.0,400.0,3.0,0.0
20200928,294,78,-12,-19,165.0,26.0,1556.0,406.0,9.0,6.0
20200929,527,211,206,123,155.0,23.0,1563.0,407.0,7.0,1.0
20200930,569,194,353,135,155.0,21.0,1570.0,408.0,7.0,1.0
20201001,619,234,144,41,149.0,22.0,1577.0,409.0,7.0,1.0
20201002,537,196,-30,1,141.0,22.0,1589.0,409.0,12.0,0.0
20201003,562,205,-72,-64,137.0,25.0,1596.0,411.0,7.0,2.0
20201004,394,107,-84,-37,135.0,26.0,1598.0,411.0,2.0,0.0
20201005,269,65,-25,-13,144.0,25.0,1601.0,413.0,3.0,2.0
20201006,495,176,-32,-35,145.0,25.0,1604.0,414.0,3.0,1.0
20201007,502,140,-67,-54,147.0,24.0,1612.0,416.0,8.0,2.0
20201008,623,248,4,14,145.0,22.0,1615.0,417.0,3.0,1.0
20201009,594,203,57,7,151.0,21.0,1623.0,421.0,8.0,4.0
20201010,666,248,104,43,149.0,24.0,1626.0,421.0,3.0,0.0
20201011,431,146,37,39,150.0,24.0,1628.0,421.0,2.0,0.0
20201012,272,78,3,13,152.0,25.0,1633.0,421.0,5.0,0.0
20201013,491,166,-4,-10,154.0,27.0,1637.0,423.0,4.0,2.0
20201014,550,177,48,37,150.0,25.0,1645.0,425.0,8.0,2.0
20201015,703,284,80,36,152.0,25.0,1649.0,427.0,4.0,2.0
20201016,633,183,39,-20,152.0,25.0,1660.0,431.0,11.0,4.0
20201017,611,235,-55,-13,149.0,23.0,1669.0,434.0,9.0,3.0
20201018,422,132,-9,-14,148.0,24.0,1673.0,436.0,4.0,2.0
20201019,313,78,41,0,146.0,24.0,1675.0,436.0,2.0,0.0
20201020,475,139,-16,-27,153.0,24.0,1678.0,437.0,3.0,1.0
20201021,611,145,61,-32,153.0,24.0,1684.0,439.0,6.0,2.0
20201022,609,185,-94,-99,154.0,24.0,1693.0,442.0,9.0,3.0
20201023,742,186,109,3,156.0,23.0,1705.0,445.0,12.0,3.0
20201024,712,201,101,-34,160.0,25.0,1710.0,445.0,5.0,0.0
20201025,486,124,64,-8,163.0,28.0,1717.0,447.0,7.0,2.0
20201026,401,102,88,24,166.0,29.0,1724.0,450.0,7.0,3.0
20201027,646,158,171,19,167.0,33.0,1729.0,451.0,5.0,1.0
20201028,724,171,113,26,162.0,30.0,1732.0,451.0,3.0,0.0
20201029,803,220,194,35,157.0,29.0,1743.0,453.0,11.0,2.0
20201030,767,203,25,17,162.0,31.0,1754.0,455.0,11.0,2.0
20201031,866,215,154,14,161.0,33.0,1765.0,455.0,11.0,0.0
20201101,603,116,117,-8,164.0,34.0,1773.0,455.0,8.0,0.0
20201102,480,87,79,-15,164.0,32.0,1779.0,459.0,6.0,4.0
20201103,860,209,214,51,166.0,32.0,1785.0,459.0,6.0,0.0
20201104,606,122,-118,-49,184.0,35.0,1793.0,459.0,8.0,0.0
20201105,1046,269,243,49,190.0,38.0,1805.0,461.0,12.0,2.0
20201106,1137,242,370,39,195.0,37.0,1808.0,461.0,3.0,0.0
20201107,1301,294,435,79,197.0,36.0,1811.0,461.0,3.0,0.0
20201108,934,189,331,73,205.0,36.0,1817.0,461.0,6.0,0.0
20201109,770,156,290,69,209.0,35.0,1828.0,462.0,11.0,1.0
20201110,1276,293,416,84,204.0,33.0,1840.0,465.0,12.0,3.0
20201111,1540,316,934,194,226.0,38.0,1850.0,468.0,10.0,3.0
20201112,1624,392,578,123,231.0,39.0,1866.0,470.0,16.0,2.0
20201113,1703,374,566,132,234.0,39.0,1879.0,470.0,13.0,0.0
20201114,1721,352,420,58,243.0,41.0,1882.0,470.0,3.0,0.0
20201115,1428,255,494,66,251.0,38.0,1884.0,470.0,2.0,0.0
20201116,949,180,179,24,272.0,40.0,1902.0,472.0,18.0,2.0
20201117,1685,298,409,5,276.0,42.0,1912.0,476.0,10.0,4.0
20201118,2173,486,633,170,280.0,39.0,1921.0,476.0,9.0,0.0
20201119,2382,531,758,139,291.0,38.0,1942.0,476.0,21.0,0.0
20201120,2425,522,722,148,313.0,37.0,1962.0,477.0,20.0,1.0
20201121,2570,539,849,187,323.0,40.0,1973.0,478.0,11.0,1.0
20201122,2146,390,718,135,331.0,40.0,1980.0,479.0,7.0,1.0
20201123,1513,315,564,135,345.0,41.0,1988.0,479.0,8.0,0.0
20201124,1219,188,-466,-110,376.0,51.0,2000.0,479.0,12.0,0.0
20201125,1925,402,-248,-84,410.0,54.0,2021.0,482.0,21.0,3.0
20201126,2494,482,112,-49,435.0,60.0,2050.0,485.0,29.0,3.0
20201127,2510,570,85,48,440.0,61.0,2073.0,488.0,23.0,3.0
20201128,2667,561,97,22,462.0,67.0,2105.0,488.0,32.0,0.0
20201129,2046,419,-100,29,472.0,67.0,2118.0,488.0,13.0,0.0
20201130,1425,312,-88,-3,493.0,70.0,2138.0,489.0,20.0,1.0
20201201,2014,370,795,182,488.0,62.0,2171.0,494.0,33.0,5.0
20201202,2419,501,494,99,497.0,59.0,2212.0,499.0,41.0,5.0
20201203,2505,532,11,50,505.0,54.0,2239.0,501.0,27.0,2.0
20201204,2435,459,-75,-111,520.0,53.0,2282.0,509.0,43.0,8.0
20201205,2496,584,-171,23,519.0,55.0,2314.0,511.0,32.0,2.0
20201206,2010,328,-36,-91,530.0,54.0,2334.0,511.0,20.0,0.0
20201207,1502,301,77,-11,536.0,55.0,2381.0,517.0,47.0,6.0
20201208,2166,354,152,-16,555.0,60.0,2419.0,523.0,38.0,6.0
20201209,2801,574,382,73,543.0,59.0,2464.0,528.0,45.0,5.0
20201210,2966,601,461,69,554.0,59.0,2501.0,530.0,37.0,2.0
20201211,2795,596,360,137,578.0,67.0,2533.0,535.0,32.0,5.0
20201212,3010,621,514,37,583.0,68.0,2561.0,535.0,28.0,0.0
20201213,2375,481,365,153,588.0,70.0,2584.0,535.0,23.0,0.0
20201214,1681,305,179,4,592.0,73.0,2642.0,538.0,58.0,3.0
20201215,2400,457,234,103,618.0,78.0,2687.0,547.0,45.0,9.0
20201216,2990,681,189,107,605.0,69.0,2738.0,557.0,51.0,10.0
20201217,3206,822,240,221,609.0,66.0,2782.0,557.0,44.0,0.0
20201218,2832,664,37,68,598.0,66.0,2827.0,561.0,45.0,4.0
20201219,3040,736,30,115,593.0,62.0,2872.0,566.0,45.0,5.0
20201220,2398,556,23,75,603.0,66.0,2899.0,566.0,27.0,0.0
20201221,1791,397,110,92,620.0,63.0,2943.0,567.0,44.0,1.0
20201222,2674,570,274,113,619.0,64.0,2993.0,568.0,50.0,1.0
20201223,3270,758,280,77,644.0,69.0,3049.0,578.0,56.0,10.0
20201224,3797,895,591,73,644.0,73.0,3104.0,587.0,55.0,9.0
20201225,3934,890,1102,226,654.0,81.0,3154.0,597.0,50.0,10.0
20201226,3702,954,662,218,659.0,81.0,3212.0,607.0,58.0,10.0
20201227,2942,708,544,152,661.0,82.0,3251.0,607.0,39.0,0.0
20201228,2397,491,606,94,675.0,81.0,3305.0,613.0,54.0,6.0
20201229,3609,869,935,299,668.0,84.0,3348.0,618.0,43.0,5.0
20201230,3884,961,614,203,681.0,85.0,3413.0,622.0,65.0,4.0
20201231,4500,1353,703,458,716.0,89.0,3459.0,627.0,46.0,5.0
20210101,3248,793,-686,-97,711.0,88.0,3513.0,631.0,54.0,4.0
20210102,3057,829,-645,-125,714.0,94.0,3547.0,631.0,34.0,0.0
20210103,3139,826,197,118,731.0,101.0,3598.0,632.0,51.0,1.0
20210104,3330,905,933,414,771.0,108.0,3654.0,634.0,56.0,2.0
20210105,4958,1315,1349,446,784.0,111.0,3718.0,648.0,64.0,14.0
20210106,6066,1640,2182,679,796.0,113.0,3790.0,656.0,72.0,8.0
20210107,7793,2520,3293,1167,826.0,121.0,3856.0,667.0,66.0,11.0
20210108,8045,2459,4797,1666,827.0,129.0,3931.0,674.0,75.0,7.0
20210109,7528,2332,4471,1503,852.0,129.0,3995.0,682.0,64.0,8.0
20210110,6130,1510,2991,684,864.0,128.0,4043.0,685.0,48.0,3.0
20210111,4901,1252,1571,347,881.0,131.0,4093.0,689.0,50.0,4.0
20210112,4630,1025,-328,-290,900.0,144.0,4144.0,691.0,51.0,2.0
20210113,6086,1480,20,-160,920.0,141.0,4232.0,704.0,88.0,13.0
20210114,6749,1552,-1044,-968,934.0,135.0,4314.0,707.0,82.0,3.0
20210115,6795,2044,-1250,-415,965.0,133.0,4379.0,717.0,65.0,10.0
20210116,7028,1839,-500,-493,972.0,136.0,4445.0,720.0,66.0,3.0
20210117,5758,1595,-372,85,973.0,138.0,4500.0,725.0,55.0,5.0
20210118,4947,1217,46,-35,1001.0,143.0,4547.0,728.0,47.0,3.0
20210119,5355,1253,725,228,1014.0,155.0,4646.0,744.0,99.0,16.0
20210120,5643,1286,-443,-194,1014.0,160.0,4742.0,754.0,96.0,10.0
20210121,5743,1485,-1006,-67,1011.0,159.0,4829.0,761.0,87.0,7.0
20210122,4821,1184,-1974,-860,1009.0,158.0,4934.0,770.0,105.0,9.0
20210123,4711,1079,-2317,-760,1007.0,156.0,5018.0,779.0,84.0,9.0
20210124,3988,986,-1770,-609,1017.0,156.0,5083.0,782.0,65.0,3.0
20210125,2760,619,-2187,-598,996.0,148.0,5157.0,796.0,74.0,14.0
20210126,3851,1026,-1504,-227,1043.0,148.0,5251.0,809.0,94.0,13.0
20210127,3968,976,-1675,-310,1032.0,159.0,5360.0,827.0,109.0,18.0
20210128,4122,1065,-1621,-420,1014.0,150.0,5450.0,847.0,90.0,20.0
20210129,3547,871,-1274,-313,974.0,147.0,5544.0,864.0,94.0,17.0
20210130,3330,770,-1381,-309,973.0,141.0,5652.0,883.0,108.0,19.0
20210131,2673,634,-1315,-352,975.0,140.0,5720.0,886.0,68.0,3.0
20210201,1782,393,-978,-226,937.0,133.0,5792.0,894.0,72.0,8.0
20210202,2321,556,-1530,-470,897.0,129.0,5910.0,917.0,118.0,23.0
20210203,2648,676,-1320,-300,892.0,125.0,6018.0,949.0,108.0,32.0
20210204,2574,734,-1548,-331,877.0,115.0,6133.0,974.0,115.0,25.0
20210205,2371,577,-1176,-294,815.0,117.0,6241.0,996.0,108.0,22.0
20210206,2277,639,-1053,-131,795.0,114.0,6336.0,1017.0,95.0,21.0
20210207,1627,429,-1046,-205,773.0,111.0,6393.0,1023.0,57.0,6.0
20210208,1215,276,-567,-117,759.0,104.0,6474.0,1035.0,81.0,12.0
20210209,1568,412,-753,-144,736.0,104.0,6555.0,1053.0,81.0,18.0
20210210,1885,491,-763,-185,713.0,103.0,6676.0,1078.0,121.0,25.0
20210211,1689,434,-885,-300,701.0,103.0,6772.0,1099.0,96.0,21.0
20210212,1297,307,-1074,-270,693.0,102.0,6847.0,1114.0,75.0,15.0
20210213,1355,369,-922,-270,668.0,104.0,6910.0,1125.0,63.0,11.0
20210214,1360,371,-267,-58,658.0,103.0,6950.0,1131.0,40.0,6.0
20210215,964,266,-251,-10,644.0,97.0,7013.0,1137.0,63.0,6.0
20210216,1305,350,-263,-62,607.0,92.0,7100.0,1164.0,87.0,27.0
20210217,1443,378,-442,-113,564.0,87.0,7194.0,1183.0,94.0,19.0
20210218,1540,445,-149,11,547.0,84.0,7272.0,1210.0,78.0,27.0
20210219,1297,353,0,46,526.0,84.0,7331.0,1221.0,59.0,11.0
20210220,1228,327,-127,-42,511.0,82.0,7415.0,1248.0,84.0,27.0
20210221,1029,272,-331,-99,510.0,82.0,7472.0,1265.0,57.0,17.0
20210222,739,178,-225,-88,491.0,76.0,7527.0,1274.0,55.0,9.0
20210223,1078,275,-227,-75,487.0,77.0,7582.0,1285.0,55.0,11.0
20210224,923,213,-520,-165,472.0,69.0,7645.0,1302.0,63.0,17.0
20210225,1064,340,-476,-105,457.0,71.0,7720.0,1325.0,75.0,23.0
20210226,1057,270,-240,-83,440.0,70.0,7805.0,1355.0,85.0,30.0
20210227,1208,337,-20,10,434.0,68.0,7858.0,1370.0,53.0,15.0
20210228,994,329,-35,57,436.0,67.0,7885.0,1376.0,27.0,6.0
20210301,684,121,-55,-57,413.0,61.0,7931.0,1395.0,46.0,19.0
20210302,887,232,-191,-43,407.0,54.0,7982.0,1400.0,51.0,5.0
20210303,1240,316,317,103,398.0,52.0,8050.0,1419.0,68.0,19.0
20210304,1168,279,104,-61,388.0,51.0,8117.0,1442.0,67.0,23.0
20210305,1145,301,88,31,375.0,49.0,8176.0,1454.0,59.0,12.0
20210306,1045,293,-163,-44,373.0,51.0,8225.0,1462.0,49.0,8.0
20210307,1061,237,67,-92,380.0,52.0,8251.0,1462.0,26.0,0.0
20210308,599,116,-85,-5,381.0,46.0,8296.0,1479.0,45.0,17.0
20210309,1125,290,238,58,364.0,39.0,8350.0,1500.0,54.0,21.0
20210310,1309,340,69,24,354.0,39.0,8400.0,1518.0,50.0,18.0
20210311,1315,335,147,56,354.0,39.0,8449.0,1536.0,49.0,18.0
20210312,1268,304,123,3,337.0,37.0,8507.0,1561.0,58.0,25.0
20210313,1317,330,272,37,328.0,40.0,8558.0,1577.0,51.0,16.0
20210314,982,239,-79,2,327.0,41.0,8588.0,1580.0,30.0,3.0
20210315,688,175,89,59,337.0,42.0,8620.0,1589.0,32.0,9.0
20210316,1130,300,5,10,335.0,42.0,8676.0,1605.0,56.0,16.0
20210317,1520,409,211,69,325.0,41.0,8715.0,1612.0,39.0,7.0
20210318,1492,323,177,-12,330.0,44.0,8756.0,1624.0,41.0,12.0
20210319,1453,303,185,-1,332.0,46.0,8788.0,1630.0,32.0,6.0
20210320,1517,342,200,12,324.0,47.0,8810.0,1632.0,22.0,2.0
20210321,1110,256,128,17,324.0,47.0,8833.0,1636.0,23.0,4.0
20210322,817,187,129,12,320.0,47.0,8859.0,1643.0,26.0,7.0
20210323,1485,337,355,37,328.0,42.0,8906.0,1661.0,47.0,18.0
20210324,1924,420,404,11,325.0,42.0,8936.0,1667.0,30.0,6.0
20210325,1914,394,422,71,323.0,41.0,8965.0,1674.0,29.0,7.0
20210326,2030,376,577,73,331.0,45.0,8996.0,1689.0,31.0,15.0
20210327,2073,430,556,88,341.0,44.0,9028.0,1705.0,32.0,16.0
20210328,1753,313,643,57,342.0,41.0,9058.0,1725.0,30.0,20.0
20210329,1340,234,523,47,368.0,40.0,9083.0,1737.0,25.0,12.0
20210330,2077,364,592,27,382.0,39.0,9110.0,1747.0,27.0,10.0
20210331,2832,414,908,-6,380.0,45.0,9159.0,1770.0,49.0,23.0
20210401,2598,475,684,81,394.0,44.0,9182.0,1774.0,23.0,4.0
20210402,2742,437,712,61,408.0,43.0,9209.0,1776.0,27.0,2.0
20210403,2755,446,682,16,431.0,48.0,9217.0,1776.0,8.0,0.0
20210404,2459,354,706,41,445.0,47.0,9227.0,1776.0,10.0,0.0
20210405,1553,248,213,14,451.0,46.0,9245.0,1779.0,18.0,3.0
20210406,2652,397,575,33,456.0,44.0,9275.0,1785.0,30.0,6.0
20210407,3459,554,627,140,464.0,41.0,9297.0,1789.0,22.0,4.0
20210408,3455,543,857,68,483.0,41.0,9330.0,1794.0,33.0,5.0
20210409,3511,537,769,100,511.0,43.0,9350.0,1798.0,20.0,4.0
20210410,3742,570,987,124,520.0,37.0,9379.0,1803.0,29.0,5.0
20210411,2848,421,389,67,563.0,39.0,9397.0,1803.0,18.0,0.0
20210412,2100,308,547,60,596.0,42.0,9422.0,1804.0,25.0,1.0
20210413,3445,511,793,114,608.0,41.0,9466.0,1811.0,44.0,7.0
20210414,4302,591,843,37,631.0,41.0,9497.0,1819.0,31.0,8.0
20210415,4569,728,1114,185,670.0,37.0,9535.0,1828.0,38.0,9.0
20210416,4518,666,1007,129,702.0,43.0,9581.0,1836.0,46.0,8.0
20210417,4790,758,1048,188,723.0,45.0,9619.0,1846.0,38.0,10.0
20210418,4087,541,1239,120,738.0,45.0,9638.0,1847.0,19.0,1.0
20210419,2891,404,791,96,769.0,47.0,9668.0,1847.0,30.0,0.0
20210420,4327,710,882,199,791.0,50.0,9707.0,1852.0,39.0,5.0
20210421,5279,842,977,251,805.0,48.0,9761.0,1856.0,54.0,4.0
20210422,5473,860,904,132,816.0,48.0,9797.0,1864.0,36.0,8.0
20210423,5117,758,599,92,837.0,52.0,9851.0,1869.0,54.0,5.0
20210424,5601,875,811,117,864.0,51.0,9910.0,1872.0,59.0,3.0
20210425,4602,633,515,92,898.0,50.0,9969.0,1876.0,59.0,4.0
20210426,3303,425,412,21,916.0,55.0,10001.0,1876.0,32.0,0.0
20210427,4960,830,633,120,953.0,55.0,10052.0,1879.0,51.0,3.0
20210428,5790,927,511,85,951.0,53.0,10104.0,1880.0,52.0,1.0
20210429,5896,1028,423,168,978.0,58.0,10191.0,1889.0,87.0,9.0
20210430,4658,698,-459,-60,1020.0,65.0,10226.0,1891.0,35.0,2.0
20210501,5992,1052,391,177,1050.0,63.0,10293.0,1897.0,67.0,6.0
20210502,5880,877,1278,244,1084.0,63.0,10358.0,1898.0,65.0,1.0
20210503,4458,708,1155,283,1083.0,65.0,10416.0,1898.0,58.0,0.0
20210504,4195,605,-765,-225,1114.0,65.0,10466.0,1899.0,50.0,1.0
20210505,4052,618,-1738,-309,1098.0,69.0,10513.0,1899.0,47.0,0.0
20210506,4351,590,-1545,-438,1131.0,72.0,10585.0,1903.0,72.0,4.0
20210507,6033,908,1375,210,1131.0,69.0,10698.0,1909.0,113.0,6.0
20210508,7244,1126,1252,74,1144.0,71.0,10819.0,1915.0,121.0,6.0
20210509,6492,1033,612,156,1152.0,73.0,10872.0,1918.0,53.0,3.0
20210510,4926,574,468,-134,1177.0,78.0,10937.0,1920.0,65.0,2.0
20210511,6236,924,2041,319,1189.0,81.0,11060.0,1923.0,123.0,3.0
20210512,7059,971,3007,353,1214.0,86.0,11161.0,1931.0,101.0,8.0
20210513,6867,1011,2516,421,1209.0,84.0,11251.0,1938.0,90.0,7.0
20210514,6268,853,235,-55,1231.0,84.0,11361.0,1940.0,110.0,2.0
20210515,6419,771,-825,-355,1223.0,85.0,11459.0,1951.0,98.0,11.0
20210516,5248,543,-1244,-490,1227.0,84.0,11504.0,1951.0,45.0,0.0
20210517,3677,420,-1249,-154,1235.0,85.0,11620.0,1958.0,116.0,7.0
20210518,5228,732,-1008,-192,1293.0,81.0,11848.0,1969.0,228.0,11.0
20210519,5814,769,-1245,-202,1288.0,73.0,11939.0,1984.0,91.0,15.0
20210520,5712,844,-1155,-167,1294.0,69.0,12049.0,1997.0,110.0,13.0
20210521,5248,647,-1020,-206,1303.0,65.0,12158.0,2010.0,109.0,13.0
20210522,5032,600,-1387,-171,1304.0,62.0,12246.0,2015.0,88.0,5.0
20210523,4032,532,-1216,-11,1300.0,61.0,12308.0,2017.0,62.0,2.0
20210524,2710,340,-967,-80,1294.0,68.0,12394.0,2017.0,86.0,0.0
20210525,3894,540,-1334,-192,1413.0,71.0,12492.0,2026.0,98.0,9.0
20210526,4527,744,-1287,-25,1371.0,70.0,12597.0,2031.0,105.0,5.0
20210527,4127,680,-1585,-164,1375.0,69.0,12710.0,2042.0,113.0,11.0
20210528,3705,613,-1543,-34,1383.0,70.0,12816.0,2048.0,106.0,6.0
20210529,3589,541,-1443,-59,1347.0,78.0,12917.0,2054.0,101.0,6.0
20210530,2874,446,-1158,-86,1349.0,77.0,12964.0,2054.0,47.0,0.0
20210531,1785,259,-925,-81,1323.0,75.0,13045.0,2055.0,81.0,1.0
20210601,2640,471,-1254,-69,1284.0,70.0,13136.0,2062.0,91.0,7.0
20210602,3031,487,-1496,-257,1227.0,73.0,13241.0,2075.0,105.0,13.0
20210603,2826,509,-1301,-171,1198.0,67.0,13360.0,2091.0,119.0,16.0
20210604,2586,472,-1119,-141,1157.0,62.0,13445.0,2095.0,85.0,4.0
20210605,2647,435,-942,-106,1131.0,62.0,13519.0,2103.0,74.0,8.0
20210606,2016,350,-858,-96,1120.0,60.0,13570.0,2108.0,51.0,5.0
20210607,1278,237,-507,-22,1099.0,61.0,13641.0,2111.0,71.0,3.0
20210608,1884,370,-756,-101,1055.0,60.0,13739.0,2121.0,98.0,10.0
20210609,2224,440,-807,-47,1015.0,57.0,13837.0,2128.0,98.0,7.0
20210610,2041,436,-785,-73,942.0,55.0,13903.0,2134.0,66.0,6.0
20210611,1934,435,-652,-37,890.0,51.0,13972.0,2142.0,69.0,8.0
20210612,1941,467,-706,32,852.0,46.0,14028.0,2150.0,56.0,8.0
20210613,1382,302,-634,-48,849.0,47.0,14066.0,2156.0,38.0,6.0
20210614,929,208,-349,-29,827.0,46.0,14121.0,2159.0,55.0,3.0
20210615,1418,337,-466,-33,845.0,45.0,14182.0,2171.0,61.0,12.0
20210616,1696,500,-528,60,805.0,45.0,14264.0,2183.0,82.0,12.0
20210617,1550,452,-491,16,775.0,40.0,14315.0,2190.0,51.0,7.0
20210618,1619,453,-315,18,740.0,42.0,14360.0,2192.0,45.0,2.0
20210619,1509,388,-432,-79,714.0,43.0,14394.0,2196.0,34.0,4.0
20210620,1303,375,-79,73,721.0,45.0,14417.0,2197.0,23.0,1.0
20210621,864,236,-65,28,697.0,47.0,14449.0,2198.0,32.0,1.0
20210622,1433,436,15,99,646.0,45.0,14491.0,2203.0,42.0,5.0
20210623,1776,620,80,120,629.0,44.0,14548.0,2213.0,57.0,10.0
20210624,1669,570,119,118,590.0,43.0,14593.0,2216.0,45.0,3.0
20210625,1706,563,87,110,577.0,38.0,14621.0,2218.0,28.0,2.0
20210626,1620,535,111,147,567.0,37.0,14652.0,2222.0,31.0,4.0
20210627,1280,386,-23,11,564.0,37.0,14665.0,2223.0,13.0,1.0
20210628,989,317,125,81,552.0,41.0,14700.0,2227.0,35.0,4.0
20210629,1376,476,-57,40,523.0,43.0,14735.0,2231.0,35.0,4.0
20210630,1810,714,34,94,517.0,47.0,14776.0,2234.0,41.0,3.0
20210701,1742,674,73,104,511.0,51.0,14797.0,2236.0,21.0,2.0
20210702,1773,660,67,97,501.0,54.0,14819.0,2238.0,22.0,2.0
20210703,1863,715,243,180,496.0,50.0,14837.0,2238.0,18.0,0.0
20210704,1479,518,199,132,491.0,51.0,14843.0,2239.0,6.0,1.0
20210705,1021,342,32,25,481.0,57.0,14857.0,2240.0,14.0,1.0
20210706,1657,592,281,116,480.0,63.0,14879.0,2241.0,22.0,1.0
20210707,2181,920,371,206,464.0,62.0,14892.0,2244.0,13.0,3.0
20210708,2239,896,497,222,441.0,60.0,14912.0,2246.0,20.0,2.0
20210709,2260,823,487,163,428.0,62.0,14928.0,2248.0,16.0,2.0
20210710,2453,951,590,236,425.0,63.0,14943.0,2253.0,15.0,5.0
20210711,2020,613,541,95,432.0,61.0,14950.0,2256.0,7.0,3.0
20210712,1492,503,471,161,424.0,55.0,14954.0,2256.0,4.0,0.0
20210713,2376,829,719,237,412.0,58.0,14966.0,2258.0,12.0,2.0
20210714,3171,1150,990,230,396.0,54.0,14985.0,2262.0,19.0,4.0
20210715,3409,1309,1170,413,376.0,57.0,15009.0,2266.0,24.0,4.0
20210716,3420,1272,1160,449,382.0,53.0,15022.0,2267.0,13.0,1.0
20210717,3872,1411,1419,460,378.0,59.0,15035.0,2269.0,13.0,2.0
20210718,3093,1008,1073,395,392.0,58.0,15043.0,2269.0,8.0,0.0
20210719,2318,727,826,224,406.0,60.0,15055.0,2270.0,12.0,1.0
20210720,3747,1391,1371,562,390.0,60.0,15074.0,2272.0,19.0,2.0
20210721,4940,1839,1769,689,392.0,64.0,15092.0,2276.0,18.0,4.0
20210722,5390,1984,1981,675,431.0,65.0,15101.0,2276.0,9.0,0.0
20210723,4212,1367,792,95,436.0,68.0,15110.0,2277.0,9.0,1.0
20210724,3596,1148,-276,-263,448.0,74.0,15118.0,2277.0,8.0,0.0
20210725,5030,1785,1937,777,466.0,72.0,15123.0,2277.0,5.0,0.0
20210726,4679,1449,2361,722,514.0,78.0,15131.0,2277.0,8.0,0.0
20210727,7660,2889,3913,1498,522.0,82.0,15145.0,2279.0,14.0,2.0
20210728,9625,3234,4685,1395,539.0,80.0,15153.0,2285.0,8.0,6.0
20210729,10742,3920,5352,1936,626.0,81.0,15166.0,2288.0,13.0,3.0
20210730,10814,3386,6602,2019,667.0,88.0,15177.0,2290.0,11.0,2.0
20210731,12413,4143,8817,2995,691.0,95.0,15185.0,2293.0,8.0,3.0
20210801,10236,3134,5206,1349,704.0,101.0,15190.0,2293.0,5.0,0.0
20210802,8411,2282,3732,833,754.0,114.0,15197.0,2293.0,7.0,0.0
20210803,12149,3798,4489,909,777.0,112.0,15212.0,2300.0,15.0,7.0
20210804,14352,4316,4727,1082,823.0,115.0,15221.0,2301.0,9.0,1.0
20210805,15353,5149,4611,1229,1020.0,135.0,15233.0,2302.0,12.0,1.0
20210806,15797,4688,4983,1302,1068.0,141.0,15248.0,2306.0,15.0,4.0
20210807,15825,4652,3412,509,1138.0,150.0,15266.0,2310.0,18.0,4.0
20210808,14529,4139,4293,1005,1190.0,151.0,15273.0,2311.0,7.0,1.0
20210809,12141,2972,3730,690,1230.0,157.0,15290.0,2314.0,17.0,3.0
20210810,10728,2775,-1421,-1023,1332.0,176.0,15304.0,2317.0,14.0,3.0
20210811,15994,4425,1642,109,1404.0,197.0,15323.0,2319.0,19.0,2.0
20210812,19038,5133,3685,-16,1478.0,218.0,15351.0,2325.0,28.0,6.0
20210813,20492,5908,4695,1220,1521.0,227.0,15376.0,2332.0,25.0,7.0
20210814,20287,5249,4462,597,1563.0,245.0,15393.0,2332.0,17.0,0.0
20210815,17887,4358,3358,219,1603.0,251.0,15401.0,2335.0,8.0,3.0
20210816,14981,3119,2840,147,1646.0,268.0,15424.0,2340.0,23.0,5.0
20210817,20104,4534,9376,1759,1716.0,276.0,15460.0,2348.0,36.0,8.0
20210818,24091,5567,8097,1142,1765.0,275.0,15494.0,2354.0,34.0,6.0
20210819,25335,5729,6297,596,1816.0,274.0,15527.0,2358.0,33.0,4.0
20210820,25975,5529,5483,-379,1888.0,273.0,15556.0,2365.0,29.0,7.0
20210821,25633,5247,5346,-2,1891.0,270.0,15589.0,2371.0,33.0,6.0
20210822,22327,4448,4440,90,1898.0,271.0,15624.0,2379.0,35.0,8.0
20210823,16926,2537,1945,-582,1935.0,272.0,15656.0,2384.0,32.0,5.0
20210824,21664,4328,1560,-206,1964.0,268.0,15686.0,2393.0,30.0,9.0
20210825,24414,4334,323,-1233,1974.0,277.0,15730.0,2404.0,44.0,11.0
20210826,25040,4783,-295,-946,2000.0,276.0,15790.0,2415.0,60.0,11.0
20210827,24305,4350,-1670,-1179,2060.0,294.0,15844.0,2433.0,54.0,18.0
20210828,22838,3691,-2795,-1556,2070.0,297.0,15889.0,2452.0,45.0,19.0
20210829,19339,3124,-2988,-1324,2075.0,296.0,15939.0,2466.0,50.0,14.0
20210830,13668,1969,-3258,-568,2110.0,287.0,15987.0,2478.0,48.0,12.0
20210831,17713,2926,-3951,-1402,2092.0,287.0,16034.0,2493.0,47.0,15.0
20210901,20029,3176,-4385,-1158,2158.0,286.0,16116.0,2500.0,82.0,7.0
20210902,18206,3097,-6834,-1686,2221.0,291.0,16177.0,2510.0,61.0,10.0
20210903,16719,2534,-7586,-1816,2223.0,278.0,16240.0,2520.0,63.0,10.0
20210904,16003,2370,-6835,-1321,2207.0,267.0,16306.0,2535.0,66.0,15.0
20210905,12891,1854,-6448,-1270,2198.0,264.0,16347.0,2545.0,41.0,10.0
20210906,8229,974,-5439,-995,2209.0,267.0,16380.0,2561.0,33.0,16.0
20210907,10590,1634,-7123,-1292,2211.0,260.0,16429.0,2577.0,49.0,16.0
20210908,12384,1840,-7645,-1336,2173.0,252.0,16518.0,2594.0,89.0,17.0
20210909,10379,1677,-7827,-1420,2125.0,251.0,16596.0,2613.0,78.0,19.0
20210910,8868,1246,-7851,-1288,2057.0,243.0,16683.0,2628.0,87.0,15.0
20210911,8790,1276,-7213,-1094,2010.0,233.0,16735.0,2645.0,52.0,17.0
20210912,6485,1084,-6406,-770,1975.0,230.0,16790.0,2666.0,55.0,21.0
20210913,3086,521,-5143,-453,1905.0,225.0,16839.0,2678.0,49.0,12.0
20210914,6644,974,-3946,-660,1834.0,208.0,16887.0,2692.0,48.0,14.0
20210915,6877,1068,-5507,-772,1743.0,198.0,16952.0,2712.0,65.0,20.0
20210916,5490,798,-4889,-879,1615.0,182.0,17023.0,2736.0,71.0,24.0
20210917,4758,702,-4110,-544,1559.0,179.0,17090.0,2761.0,67.0,25.0
20210918,4557,713,-4233,-563,1496.0,177.0,17149.0,2781.0,59.0,20.0
20210919,3277,523,-3208,-561,1454.0,171.0,17197.0,2797.0,48.0,16.0
20210920,1912,259,-1174,-262,1429.0,169.0,17226.0,2801.0,29.0,4.0
20210921,1519,197,-5125,-777,1383.0,152.0,17269.0,2804.0,43.0,3.0
20210922,3651,451,-3226,-617,1273.0,146.0,17312.0,2820.0,43.0,16.0
20210923,3815,542,-1675,-256,1228.0,143.0,17368.0,2838.0,56.0,18.0
20210924,1667,208,-3091,-494,1185.0,139.0,17414.0,2853.0,46.0,15.0
20210925,2690,351,-1867,-362,1133.0,131.0,17446.0,2861.0,32.0,8.0
20210926,2097,294,-1180,-229,1106.0,129.0,17475.0,2872.0,29.0,11.0
20210927,967,125,-945,-134,1062.0,125.0,17504.0,2883.0,29.0,11.0
20210928,1941,242,422,45,998.0,117.0,17544.0,2891.0,40.0,8.0
20210929,1980,260,-1671,-191,932.0,107.0,17598.0,2908.0,54.0,17.0
20210930,1567,206,-2248,-336,778.0,100.0,17641.0,2920.0,43.0,12.0
20211001,1369,191,-298,-17,719.0,93.0,17676.0,2934.0,35.0,14.0
20211002,1330,190,-1360,-161,696.0,88.0,17709.0,2947.0,33.0,13.0
20211003,874,125,-1223,-169,693.0,88.0,17723.0,2954.0,14.0,7.0
20211004,502,89,-465,-36,655.0,77.0,17749.0,2960.0,26.0,6.0
20211005,1100,107,-841,-135,612.0,74.0,17782.0,2965.0,33.0,5.0
20211006,1179,163,-801,-97,595.0,77.0,17812.0,2975.0,30.0,10.0
20211007,912,141,-655,-65,526.0,70.0,17849.0,2994.0,37.0,19.0
20211008,809,99,-560,-92,501.0,68.0,17895.0,3012.0,46.0,18.0
20211009,790,78,-540,-112,483.0,68.0,17920.0,3021.0,25.0,9.0
20211010,581,55,-293,-70,478.0,67.0,17934.0,3028.0,14.0,7.0
20211011,285,34,-217,-55,444.0,62.0,17952.0,3034.0,18.0,6.0
20211012,671,49,-429,-58,413.0,55.0,17979.0,3044.0,27.0,10.0
20211013,739,69,-440,-94,381.0,43.0,18013.0,3057.0,34.0,13.0
20211014,644,50,-268,-91,357.0,40.0,18044.0,3069.0,31.0,12.0
20211015,522,55,-287,-44,335.0,39.0,18070.0,3076.0,26.0,7.0
20211016,537,67,-253,-11,317.0,35.0,18084.0,3083.0,14.0,7.0
20211017,381,41,-200,-14,312.0,35.0,18095.0,3089.0,11.0,6.0
20211018,178,19,-107,-15,294.0,31.0,18113.0,3095.0,18.0,6.0
20211019,423,37,-248,-12,276.0,26.0,18138.0,3108.0,25.0,13.0
20211020,427,42,-312,-27,260.0,27.0,18149.0,3113.0,11.0,5.0
20211021,310,30,-334,-20,217.0,24.0,18165.0,3115.0,16.0,2.0
20211022,345,26,-177,-29,208.0,21.0,18175.0,3116.0,10.0,1.0
20211023,306,34,-231,-33,208.0,22.0,18183.0,3117.0,8.0,1.0
20211024,224,17,-157,-24,202.0,22.0,18191.0,3117.0,8.0,0.0
20211025,145,14,-33,-5,197.0,20.0,18199.0,3120.0,8.0,3.0
20211026,349,27,-74,-10,184.0,17.0,18213.0,3125.0,14.0,5.0
20211027,322,34,-105,-8,177.0,16.0,18220.0,3127.0,7.0,2.0
20211028,299,22,-11,-8,145.0,15.0,18229.0,3130.0,9.0,3.0
20211029,321,24,-24,-2,134.0,14.0,18245.0,3142.0,16.0,12.0
20211030,283,23,-23,-11,124.0,14.0,18253.0,3147.0,8.0,5.0
20211031,228,18,4,1,122.0,14.0,18260.0,3147.0,7.0,0.0
20211101,77,11,-68,-3,120.0,14.0,18267.0,3148.0,7.0,1.0
20211102,239,19,-110,-8,115.0,14.0,18274.0,3149.0,7.0,1.0
20211103,264,29,-58,-5,109.0,14.0,18282.0,3152.0,8.0,3.0
20211104,120,13,-179,-9,103.0,12.0,18288.0,3154.0,6.0,2.0
20211105,253,20,-68,-4,100.0,12.0,18298.0,3155.0,10.0,1.0
20211106,235,32,-48,9,100.0,12.0,18301.0,3155.0,3.0,0.0
20211107,156,22,-72,4,101.0,12.0,18302.0,3155.0,1.0,0.0
20211108,89,15,12,4,99.0,10.0,18305.0,3156.0,3.0,1.0
20211109,220,24,-19,5,96.0,10.0,18308.0,3157.0,3.0,1.0
20211110,207,22,-57,-7,92.0,10.0,18310.0,3157.0,2.0,0.0
20211111,213,24,93,11,87.0,9.0,18315.0,3158.0,5.0,1.0
20211112,197,23,-56,3,83.0,8.0,18315.0,3158.0,0.0,0.0
20211113,199,24,-36,-8,85.0,10.0,18317.0,3158.0,2.0,0.0
20211114,135,18,-21,-4,85.0,10.0,18319.0,3158.0,2.0,0.0
20211115,58,8,-31,-7,82.0,10.0,18319.0,3158.0,0.0,0.0
20211116,144,13,-76,-11,78.0,10.0,18323.0,3158.0,4.0,0.0
20211117,189,26,-18,4,76.0,10.0,18328.0,3160.0,5.0,2.0
20211118,165,21,-48,-3,62.0,10.0,18334.0,3161.0,6.0,1.0
20211119,143,17,-54,-6,62.0,9.0,18334.0,3161.0,0.0,0.0
20211120,122,19,-77,-5,62.0,9.0,18339.0,3163.0,5.0,2.0
20211121,129,22,-6,4,63.0,9.0,18339.0,3163.0,0.0,0.0
20211122,22,4,-36,-4,60.0,8.0,18341.0,3164.0,2.0,1.0
20211123,123,13,-21,0,58.0,8.0,18343.0,3164.0,2.0,0.0
20211124,55,7,-134,-19,58.0,8.0,18344.0,3164.0,1.0,0.0
20211125,117,24,-48,3,51.0,8.0,18345.0,3164.0,1.0,0.0
20211126,115,19,-28,2,50.0,7.0,18349.0,3164.0,4.0,0.0
20211127,133,19,11,0,43.0,7.0,18350.0,3164.0,1.0,0.0
20211128,66,8,-63,-14,43.0,7.0,18350.0,3164.0,0.0,0.0
20211129,56,7,34,3,41.0,6.0,18351.0,3165.0,1.0,1.0
20211130,134,20,11,7,43.0,6.0,18352.0,3166.0,1.0,1.0
20211201,126,21,71,14,38.0,4.0,18354.0,3167.0,2.0,1.0
20211202,113,12,-4,-12,32.0,4.0,18355.0,3167.0,1.0,0.0
20211203,137,14,22,-5,28.0,2.0,18356.0,3168.0,1.0,1.0
20211204,123,21,-10,2,29.0,2.0,18356.0,3168.0,0.0,0.0
20211205,97,15,31,7,29.0,2.0,18356.0,3168.0,0.0,0.0
20211206,35,4,-21,-3,28.0,3.0,18357.0,3168.0,1.0,0.0
20211207,113,15,-21,-5,27.0,3.0,18359.0,3168.0,2.0,0.0
20211208,140,22,14,1,26.0,3.0,18361.0,3169.0,2.0,1.0
20211209,144,26,31,14,27.0,3.0,18363.0,3170.0,2.0,1.0
20211210,118,16,-19,2,25.0,3.0,18364.0,3170.0,1.0,0.0
20211211,140,23,17,2,25.0,3.0,18365.0,3170.0,1.0,0.0
20211212,114,13,17,-2,26.0,3.0,18365.0,3170.0,0.0,0.0
20211213,57,9,22,5,27.0,4.0,18366.0,3171.0,1.0,1.0
20211214,161,29,48,14,27.0,4.0,18367.0,3172.0,1.0,1.0
20211215,177,31,37,9,27.0,3.0,18368.0,3172.0,1.0,0.0
20211216,142,28,-2,2,26.0,3.0,18370.0,3172.0,2.0,0.0
20211217,155,20,37,4,26.0,3.0,18371.0,3172.0,1.0,0.0
20211218,190,32,50,9,27.0,3.0,18371.0,3172.0,0.0,0.0
20211219,157,31,43,18,27.0,3.0,18371.0,3172.0,0.0,0.0
20211220,72,8,15,-1,28.0,3.0,18371.0,3172.0,0.0,0.0
20211221,207,36,46,7,26.0,3.0,18373.0,3172.0,2.0,0.0
20211222,237,34,60,3,28.0,3.0,18375.0,3173.0,2.0,1.0
20211223,278,39,136,11,34.0,2.0,18378.0,3173.0,3.0,0.0
20211224,260,30,105,10,37.0,2.0,18378.0,3173.0,0.0,0.0
20211225,298,49,108,17,38.0,2.0,18379.0,3174.0,1.0,1.0
20211226,215,35,58,4,44.0,2.0,18379.0,3174.0,0.0,0.0
20211227,132,37,60,29,46.0,2.0,18379.0,3174.0,0.0,0.0
20211228,347,56,140,20,49.0,2.0,18381.0,3175.0,2.0,1.0
20211229,447,84,210,50,46.0,1.0,18385.0,3175.0,4.0,0.0
20211230,435,78,157,39,49.0,1.0,18385.0,3175.0,0.0,0.0
20211231,449,77,189,47,51.0,1.0,18385.0,3175.0,0.0,0.0
20220101,466,86,168,37,53.0,1.0,18385.0,3175.0,0.0,0.0
20220102,432,65,217,30,52.0,1.0,18387.0,3175.0,2.0,0.0
20220103,788,130,656,93,54.0,1.0,18388.0,3175.0,1.0,0.0
20220104,1094,151,747,95,60.0,2.0,18389.0,3175.0,1.0,0.0
20220105,2788,430,2341,346,64.0,3.0,18390.0,3175.0,1.0,0.0
20220106,4486,708,4051,630,91.0,3.0,18390.0,3175.0,0.0,0.0
20220107,6553,1010,6104,933,89.0,3.0,18392.0,3175.0,2.0,0.0
20220108,8701,1390,8235,1304,90.0,4.0,18394.0,3175.0,2.0,0.0
20220109,8173,1294,7741,1229,90.0,4.0,18395.0,3175.0,1.0,0.0
20220110,5734,977,4946,847,100.0,4.0,18397.0,3175.0,2.0,0.0
20220111,5704,918,4610,767,105.0,4.0,18399.0,3175.0,2.0,0.0
20220112,15587,2419,12799,1989,125.0,4.0,18404.0,3175.0,5.0,0.0
20220113,21010,3826,16524,3118,221.0,4.0,18406.0,3176.0,2.0,1.0
20220114,24054,4335,17501,3325,233.0,3.0,18416.0,3177.0,10.0,1.0
20220115,29685,5237,20984,3847,235.0,4.0,18422.0,3178.0,6.0,1.0
20220116,26842,5144,18669,3850,243.0,5.0,18424.0,3178.0,2.0,0.0
20220117,17134,3111,11400,2134,261.0,5.0,18426.0,3179.0,2.0,1.0
20220118,40477,6889,34773,5971,281.0,7.0,18436.0,3179.0,10.0,0.0
20220119,49182,9012,33595,6593,287.0,10.0,18449.0,3181.0,13.0,2.0
20220120,53723,10396,32713,6570,404.0,9.0,18461.0,3181.0,12.0,0.0
20220121,55658,10588,31604,6253,424.0,11.0,18470.0,3181.0,9.0,0.0
20220122,64249,12481,34564,7244,430.0,12.0,18482.0,3184.0,12.0,3.0
20220123,53768,10686,26926,5542,439.0,13.0,18498.0,3184.0,16.0,0.0
20220124,33165,6741,16031,3630,444.0,12.0,18515.0,3185.0,17.0,1.0
20220125,83040,15945,42563,9056,470.0,14.0,18551.0,3185.0,36.0,0.0
20220126,81333,15628,32151,6616,537.0,18.0,18591.0,3190.0,40.0,5.0
20220127,85957,16558,32234,6162,697.0,18.0,18634.0,3193.0,43.0,3.0
20220128,85060,17482,29402,6894,734.0,20.0,18678.0,3196.0,44.0,3.0
20220129,97543,18816,33294,6335,767.0,22.0,18722.0,3199.0,44.0,3.0
20220130,78473,15955,24705,5269,783.0,23.0,18757.0,3200.0,35.0,1.0
20220131,41836,9284,8671,2543,804.0,26.0,18785.0,3201.0,28.0,1.0
20220201,104520,18812,21480,2867,886.0,29.0,18864.0,3206.0,79.0,5.0
20220202,98644,18552,17311,2924,911.0,30.0,18942.0,3212.0,78.0,6.0
20220203,98205,18957,12248,2399,1042.0,38.0,19032.0,3216.0,90.0,4.0
20220204,94722,19825,9662,2343,1099.0,41.0,19124.0,3224.0,92.0,8.0
20220205,100921,19921,3378,1105,1134.0,44.0,19251.0,3234.0,127.0,10.0
20220206,75151,15650,-3322,-305,1143.0,45.0,19318.0,3239.0,67.0,5.0
20220207,41653,9076,-183,-208,1141.0,48.0,19440.0,3247.0,122.0,8.0
20220208,104336,20039,-184,1227,1212.0,51.0,19581.0,3258.0,141.0,11.0
20220209,96408,18055,-2236,-497,1270.0,59.0,19738.0,3269.0,157.0,11.0
20220210,94100,18442,-4105,-515,1340.0,64.0,19915.0,3282.0,177.0,13.0
20220211,88421,16186,-6301,-3639,1352.0,61.0,20059.0,3291.0,144.0,9.0
20220212,40147,7955,-60774,-11966,1366.0,62.0,20205.0,3298.0,146.0,7.0
20220213,78233,14354,3082,-1296,1393.0,65.0,20362.0,3310.0,157.0,12.0
20220214,37773,7234,-3880,-1842,1403.0,74.0,20498.0,3317.0,136.0,7.0
20220215,100079,17850,-4257,-2189,1444.0,77.0,20710.0,3333.0,212.0,16.0
20220216,93111,16422,-3297,-1633,1469.0,81.0,20965.0,3354.0,255.0,21.0
20220217,86501,16435,-7599,-2007,1482.0,81.0,21210.0,3378.0,245.0,24.0
20220218,73031,13657,-15390,-2529,1480.0,80.0,21448.0,3404.0,238.0,26.0
20220219,77100,13708,36953,5753,1477.0,87.0,21653.0,3431.0,205.0,27.0
20220220,60104,10955,-18129,-3399,1495.0,87.0,21840.0,3448.0,187.0,17.0
20220221,30046,5733,-7727,-1501,1504.0,82.0,22021.0,3478.0,181.0,30.0
20220222,83259,14084,-16820,-3766,1489.0,82.0,22298.0,3503.0,277.0,25.0
20220223,83984,14403,-9127,-2019,1474.0,80.0,22563.0,3527.0,265.0,24.0
20220224,35135,6657,-51366,-9778,1503.0,81.0,22793.0,3541.0,230.0,14.0
20220225,72187,12439,-844,-1218,1507.0,79.0,23050.0,3564.0,257.0,23.0
20220226,75539,13289,-1561,-419,1482.0,73.0,23311.0,3593.0,261.0,29.0
20220227,54162,9854,-5942,-1101,1461.0,75.0,23491.0,3621.0,180.0,28.0
20220228,28641,5486,-1405,-247,1456.0,69.0,23682.0,3649.0,191.0,28.0
20220301,76998,13056,-6261,-1028,1452.0,68.0,23916.0,3681.0,234.0,32.0
20220302,71959,12168,-12025,-2235,1418.0,68.0,24152.0,3712.0,236.0,31.0
20220303,61037,11100,25902,4443,1419.0,70.0,24410.0,3740.0,258.0,28.0
20220304,55712,9364,-16475,-3075,1399.0,70.0,24667.0,3767.0,257.0,27.0
20220305,60155,10255,-15384,-3034,1362.0,70.0,24853.0,3797.0,186.0,30.0
20220306,45991,7761,-8171,-2093,1354.0,71.0,25000.0,3809.0,147.0,12.0
20220307,22567,3974,-6074,-1512,1348.0,69.0,25115.0,3817.0,115.0,8.0
20220308,65392,10507,-11606,-2549,1321.0,67.0,25348.0,3839.0,233.0,22.0
20220309,63416,10098,-8543,-2070,1322.0,64.0,25554.0,3867.0,206.0,28.0
20220310,54414,9222,-6623,-1878,1252.0,64.0,25766.0,3897.0,212.0,30.0
20220311,48945,7969,-6767,-1395,1204.0,58.0,25931.0,3923.0,165.0,26.0
20220312,53565,8641,-6590,-1614,1175.0,62.0,26100.0,3937.0,169.0,14.0
20220313,41927,6921,-4064,-840,1175.0,63.0,26225.0,3946.0,125.0,9.0
20220314,21662,3701,-905,-273,1170.0,64.0,26333.0,3963.0,108.0,17.0
20220315,60579,9817,-4813,-690,1140.0,61.0,26515.0,3978.0,182.0,15.0
20220316,57633,9294,-5783,-804,1090.0,54.0,26673.0,3999.0,158.0,21.0
20220317,48592,8126,-5822,-1096,991.0,53.0,26838.0,4021.0,165.0,22.0
20220318,41197,6998,-7748,-971,983.0,48.0,26995.0,4042.0,157.0,21.0
20220319,42770,7159,-10795,-1482,955.0,45.0,27122.0,4055.0,127.0,13.0
20220320,33580,5628,-8347,-1293,951.0,46.0,27198.0,4063.0,76.0,8.0
20220321,19555,3289,-2107,-412,937.0,46.0,27255.0,4069.0,57.0,6.0
20220322,16008,2999,-44571,-6818,916.0,45.0,27327.0,4073.0,72.0,4.0
20220323,53425,8523,-4208,-771,891.0,44.0,27439.0,4087.0,112.0,14.0
20220324,50852,8541,2260,415,733.0,41.0,27569.0,4103.0,130.0,16.0
20220325,43748,7457,2551,459,707.0,38.0,27685.0,4114.0,116.0,11.0
20220326,46142,7804,3372,645,694.0,35.0,27783.0,4132.0,98.0,18.0
20220327,37613,6592,4033,964,691.0,36.0,27851.0,4141.0,68.0,9.0
20220328,20007,3735,452,446,673.0,37.0,27915.0,4141.0,64.0,0.0
20220329,55201,9268,39193,6269,655.0,33.0,27997.0,4146.0,82.0,5.0
20220330,54730,9281,1305,758,627.0,32.0,28094.0,4157.0,97.0,11.0
20220331,49664,8562,-1188,21,533.0,32.0,28181.0,4169.0,87.0,12.0
20220401,46142,7441,2394,-16,518.0,30.0,28284.0,4178.0,103.0,9.0
20220402,49567,8362,3425,558,510.0,32.0,28332.0,4182.0,48.0,4.0
20220403,39160,6672,1547,80,505.0,31.0,28370.0,4191.0,38.0,9.0
20220404,19865,3386,-142,-349,508.0,29.0,28411.0,4198.0,41.0,7.0
20220405,55949,8665,748,-603,508.0,30.0,28471.0,4207.0,60.0,9.0
20220406,57634,9264,2904,-17,494.0,29.0,28540.0,4213.0,69.0,6.0
20220407,53080,8836,3416,274,484.0,29.0,28612.0,4219.0,72.0,6.0
20220408,49264,7872,3122,431,489.0,30.0,28674.0,4228.0,62.0,9.0
20220409,53119,8381,3552,19,484.0,29.0,28730.0,4234.0,56.0,6.0
20220410,40991,6676,1831,4,465.0,29.0,28768.0,4234.0,38.0,0.0
20220411,21045,3554,1180,168,467.0,29.0,28805.0,4234.0,37.0,0.0
20220412,60760,9024,4811,359,468.0,27.0,28849.0,4239.0,44.0,5.0
20220413,58565,8813,931,-451,231.0,23.0,28909.0,4244.0,60.0,5.0
20220414,49658,7522,-3422,-1314,230.0,21.0,28968.0,4251.0,59.0,7.0
20220415,44372,6401,-4892,-1471,222.0,20.0,29029.0,4258.0,61.0,7.0
20220416,43883,6287,-9236,-2094,219.0,17.0,29076.0,4267.0,47.0,9.0
20220417,32462,4637,-8529,-2039,222.0,17.0,29107.0,4272.0,31.0,5.0
20220418,15593,2363,-5452,-1191,213.0,15.0,29133.0,4275.0,26.0,3.0
20220419,49008,6773,-11752,-2251,214.0,15.0,29186.0,4279.0,53.0,4.0
20220420,49407,6884,-9158,-1929,202.0,15.0,29235.0,4284.0,49.0,5.0
20220421,43462,6109,-6196,-1413,207.0,15.0,29285.0,4292.0,50.0,8.0
20220422,40237,5396,-4135,-1005,203.0,14.0,29341.0,4301.0,56.0,9.0
20220423,43447,5775,-436,-512,195.0,14.0,29368.0,4305.0,27.0,4.0
20220424,33855,4431,1393,-206,191.0,14.0,29392.0,4305.0,24.0,0.0
20220425,16682,2414,1089,51,200.0,16.0,29428.0,4310.0,36.0,5.0
20220426,47689,5911,-1319,-862,183.0,15.0,29486.0,4313.0,58.0,3.0
20220427,45486,5775,-3921,-1109,174.0,15.0,29551.0,4319.0,65.0,6.0
20220428,38667,4862,-4795,-1247,173.0,13.0,29590.0,4323.0,39.0,4.0
20220429,34805,4128,-5432,-1268,171.0,12.0,29634.0,4328.0,44.0,5.0
20220430,15785,2246,-27662,-3529,165.0,11.0,29653.0,4328.0,19.0,0.0
20220501,26647,3211,-7208,-1220,164.0,9.0,29685.0,4334.0,32.0,6.0
20220502,14983,1986,-1699,-428,160.0,10.0,29715.0,4337.0,30.0,3.0
20220503,38970,4009,-8719,-1902,174.0,11.0,29767.0,4341.0,52.0,4.0
20220504,20860,2682,-24626,-3093,166.0,10.0,29792.0,4347.0,25.0,6.0
20220505,19414,2406,-19253,-2456,170.0,10.0,29810.0,4351.0,18.0,4.0
20220506,18821,2449,-15984,-1679,165.0,8.0,29845.0,4356.0,35.0,5.0
20220507,49583,4781,33798,2535,159.0,8.0,29869.0,4362.0,24.0,6.0
20220508,40152,4226,13505,1015,163.0,8.0,29897.0,4368.0,28.0,6.0
20220509,20033,2481,5050,495,158.0,7.0,29927.0,4368.0,30.0,0.0
20220510,49834,5036,10864,1027,163.0,9.0,29978.0,4370.0,51.0,2.0
20220511,45415,4759,24555,2077,159.0,8.0,30019.0,4375.0,41.0,5.0
20220512,38604,4144,19190,1738,156.0,6.0,30058.0,4379.0,39.0,4.0
20220513,36996,3826,18175,1377,153.0,4.0,30089.0,4383.0,31.0,4.0
20220514,39537,3991,-10046,-790,139.0,4.0,30123.0,4393.0,34.0,10.0
20220515,30594,3196,-9558,-1030,134.0,4.0,30145.0,4400.0,22.0,7.0
20220516,15329,1725,-4704,-756,127.0,3.0,30173.0,4404.0,28.0,4.0
20220517,43851,4312,-5983,-724,125.0,2.0,30206.0,4413.0,33.0,9.0
20220518,42257,4518,-3158,-241,110.0,1.0,30258.0,4420.0,52.0,7.0
20220519,36788,3804,-1816,-340,106.0,2.0,30294.0,4425.0,36.0,5.0
20220520,35041,3548,-1955,-278,101.0,3.0,30338.0,4432.0,44.0,7.0
20220521,35942,3935,-3595,-56,92.0,3.0,30375.0,4439.0,37.0,7.0
20220522,26838,2884,-3756,-312,96.0,3.0,30391.0,4445.0,16.0,6.0
20220523,12821,1503,-2508,-222,100.0,4.0,30421.0,4451.0,30.0,6.0
20220524,37885,3841,-5966,-471,103.0,4.0,30453.0,4456.0,32.0,5.0
20220525,34736,3745,-7521,-773,95.0,4.0,30502.0,4464.0,49.0,8.0
20220526,28169,3029,-8619,-775,90.0,3.0,30542.0,4474.0,40.0,10.0
20220527,24963,2645,-10078,-903,81.0,2.0,30581.0,4482.0,39.0,8.0
20220528,25039,2556,-10903,-1379,88.0,3.0,30620.0,4489.0,39.0,7.0
20220529,17390,1930,-9448,-954,90.0,3.0,30642.0,4493.0,22.0,4.0
20220530,8375,1040,-4446,-463,93.0,4.0,30666.0,4496.0,24.0,3.0
20220531,24867,2628,-13018,-1213,95.0,3.0,30702.0,4502.0,36.0,6.0
20220601,22874,2489,-11862,-1256,92.0,3.0,30737.0,4507.0,35.0,5.0
20220602,19362,2257,-8807,-772,86.0,1.0,30761.0,4512.0,24.0,5.0
20220603,17939,2009,-7024,-636,84.0,2.0,30796.0,4516.0,35.0,4.0
20220604,17948,1954,-7091,-602,77.0,2.0,30819.0,4521.0,23.0,5.0
20220605,13368,1459,-4022,-471,75.0,2.0,30836.0,4523.0,17.0,2.0
20220606,6612,801,-1763,-239,76.0,2.0,30857.0,4523.0,21.0,0.0
20220607,20119,1978,-4748,-650,79.0,2.0,30881.0,4524.0,24.0,1.0
20220608,18256,2064,-4618,-425,77.0,3.0,30902.0,4526.0,21.0,2.0
20220609,15918,1721,-3444,-536,77.0,2.0,30928.0,4530.0,26.0,4.0
20220610,14735,1602,-3204,-407,69.0,4.0,30950.0,4533.0,22.0,3.0
20220611,15442,1644,-2506,-310,66.0,4.0,30963.0,4535.0,13.0,2.0
20220612,11877,1342,-1491,-117,61.0,4.0,30975.0,4535.0,12.0,0.0
20220613,6027,800,-585,-1,61.0,4.0,30994.0,4537.0,19.0,2.0
20220614,17777,1893,-2342,-85,53.0,0.0,31019.0,4543.0,25.0,6.0
20220615,16542,1961,-1714,-103,44.0,1.0,31047.0,4546.0,28.0,3.0
20220616,14869,1707,-1049,-14,40.0,0.0,31064.0,4549.0,17.0,3.0
20220617,13894,1608,-841,6,39.0,0.0,31087.0,4553.0,23.0,4.0
20220618,15317,1898,-125,254,41.0,0.0,31107.0,4557.0,20.0,4.0
20220619,11652,1487,-225,145,41.0,0.0,31116.0,4561.0,9.0,4.0
20220620,5737,828,-290,28,34.0,0.0,31129.0,4561.0,13.0,0.0
20220621,18270,2252,493,359,36.0,0.0,31141.0,4561.0,12.0,0.0
20220622,17290,2501,748,540,38.0,0.0,31161.0,4562.0,20.0,1.0
20220623,16113,2332,1244,625,36.0,1.0,31175.0,4563.0,14.0,1.0
20220624,14910,2101,1016,493,36.0,2.0,31191.0,4565.0,16.0,2.0
20220625,16538,2348,1221,450,40.0,3.0,31200.0,4567.0,9.0,2.0
20220626,13018,1958,1366,471,45.0,3.0,31210.0,4568.0,10.0,1.0
20220627,7204,1191,1467,363,46.0,4.0,31223.0,4568.0,13.0,0.0
20220628,23103,3210,4833,958,50.0,5.0,31238.0,4570.0,15.0,2.0
20220629,23836,3880,6546,1379,52.0,5.0,31258.0,4573.0,20.0,3.0
20220630,23008,3724,6895,1392,52.0,3.0,31273.0,4575.0,15.0,2.0
20220701,23131,3546,8221,1445,55.0,4.0,31289.0,4577.0,16.0,2.0
20220702,24885,3616,8347,1268,61.0,5.0,31300.0,4578.0,11.0,1.0
20220703,23269,3788,10251,1830,62.0,5.0,31308.0,4579.0,8.0,1.0
20220704,16791,2772,9587,1581,60.0,6.0,31324.0,4580.0,16.0,1.0
20220705,36167,5302,13064,2092,68.0,7.0,31340.0,4583.0,16.0,3.0
20220706,45797,8341,21961,4461,67.0,8.0,31355.0,4585.0,15.0,2.0
20220707,47961,8529,24953,4805,71.0,6.0,31369.0,4585.0,14.0,0.0
20220708,50082,8777,26951,5231,74.0,7.0,31395.0,4586.0,26.0,1.0
20220709,54993,9716,30108,6100,80.0,10.0,31408.0,4586.0,13.0,0.0
20220710,54046,9482,30777,5694,75.0,10.0,31418.0,4587.0,10.0,1.0
20220711,37124,6231,20333,3459,83.0,9.0,31437.0,4587.0,19.0,0.0
20220712,75995,11511,39828,6209,90.0,12.0,31457.0,4588.0,20.0,1.0
20220713,94466,16878,48669,8537,100.0,13.0,31486.0,4590.0,29.0,2.0
20220714,97768,16662,49807,8133,107.0,15.0,31520.0,4592.0,34.0,2.0
20220715,103287,19059,53205,10282,114.0,16.0,31551.0,4594.0,31.0,2.0
20220716,110660,18919,55667,9203,129.0,14.0,31572.0,4596.0,21.0,2.0
20220717,105550,17790,51504,8308,144.0,13.0,31586.0,4597.0,14.0,1.0
20220718,76164,12696,39040,6465,155.0,15.0,31602.0,4598.0,16.0,1.0
20220719,66725,11018,-9270,-493,176.0,19.0,31635.0,4598.0,33.0,0.0
20220720,152495,20401,58029,3523,189.0,18.0,31689.0,4602.0,54.0,4.0
20220721,186209,31878,88441,15216,191.0,15.0,31727.0,4607.0,38.0,5.0
20220722,195136,34995,91849,15936,203.0,15.0,31791.0,4614.0,64.0,7.0
20220723,200937,32698,90277,13779,233.0,14.0,31844.0,4621.0,53.0,7.0
20220724,176517,28112,70967,10322,249.0,14.0,31877.0,4623.0,33.0,2.0
20220725,126535,22387,50371,9691,271.0,15.0,31932.0,4626.0,55.0,3.0
20220726,196453,31593,129728,20575,311.0,21.0,32040.0,4631.0,108.0,5.0
20220727,209657,29036,57162,8635,346.0,24.0,32162.0,4637.0,122.0,6.0
20220728,233066,40406,46857,8528,376.0,27.0,32278.0,4644.0,116.0,7.0
20220729,221409,36814,26273,1819,403.0,26.0,32408.0,4649.0,130.0,5.0
20220730,222274,33466,21337,768,427.0,24.0,32499.0,4661.0,91.0,12.0
20220731,197750,31541,21233,3429,428.0,23.0,32577.0,4669.0,78.0,8.0
20220801,139668,21958,13133,-429,464.0,29.0,32686.0,4672.0,109.0,3.0
20220802,211040,30842,14587,-751,478.0,34.0,32811.0,4681.0,125.0,9.0
20220803,249805,38940,40148,9904,516.0,35.0,32968.0,4693.0,157.0,12.0
20220804,238710,35339,5644,-5067,556.0,39.0,33151.0,4708.0,183.0,15.0
20220805,233730,37767,12321,953,567.0,38.0,33340.0,4729.0,189.0,21.0
20220806,227536,30970,5262,-2496,551.0,37.0,33501.0,4742.0,161.0,13.0
20220807,206463,26313,8713,-5228,555.0,36.0,33655.0,4754.0,154.0,12.0
20220808,137826,17884,-1842,-4074,581.0,39.0,33817.0,4767.0,162.0,13.0
20220809,212531,29115,1491,-1727,597.0,40.0,34067.0,4787.0,250.0,20.0
20220810,250377,34243,572,-4697,603.0,40.0,34315.0,4804.0,248.0,17.0
20220811,240169,31247,1459,-4092,637.0,40.0,34529.0,4826.0,214.0,22.0
20220812,168793,20401,-64937,-17366,625.0,42.0,34755.0,4856.0,226.0,30.0
20220813,183587,23773,-43949,-7197,613.0,43.0,34993.0,4888.0,238.0,32.0
20220814,178329,22740,-28134,-3573,607.0,42.0,35148.0,4901.0,155.0,13.0
20220815,138577,23135,751,5251,614.0,38.0,35363.0,4915.0,215.0,14.0
20220816,166174,23511,-46357,-5604,627.0,36.0,35647.0,4937.0,284.0,22.0
20220817,231472,29416,-18905,-4827,610.0,35.0,35947.0,4962.0,300.0,25.0
20220818,255508,27453,15339,-3794,627.0,33.0,36226.0,4989.0,279.0,27.0
20220819,261004,27676,92211,7275,616.0,34.0,36509.0,5017.0,283.0,28.0
20220820,253248,25277,69661,1504,632.0,36.0,36772.0,5040.0,263.0,23.0
20220821,226128,24780,47799,2040,640.0,38.0,37000.0,5069.0,228.0,29.0
20220822,141018,15085,2441,-8050,646.0,36.0,37269.0,5091.0,269.0,22.0
20220823,208516,21770,42342,-1741,636.0,39.0,37586.0,5116.0,317.0,25.0
20220824,243451,25444,11979,-3972,637.0,36.0,37879.0,5138.0,293.0,22.0
20220825,220917,23129,-34591,-4324,626.0,38.0,38189.0,5164.0,310.0,26.0
20220826,192377,18423,-68627,-9253,624.0,38.0,38514.0,5189.0,325.0,25.0
20220827,180125,17126,-73123,-8151,627.0,38.0,38762.0,5214.0,248.0,25.0
20220828,157788,15834,-68340,-8946,628.0,40.0,38997.0,5237.0,235.0,23.0
20220829,95898,9880,-45120,-5205,618.0,41.0,39245.0,5267.0,248.0,30.0
20220830,152529,14219,-55987,-7551,591.0,36.0,39556.0,5293.0,311.0,26.0
20220831,169771,15428,-73680,-10016,555.0,33.0,39872.0,5321.0,316.0,28.0
20220901,149868,14451,-71049,-8678,539.0,34.0,40190.0,5351.0,318.0,30.0
20220902,128691,12413,-63686,-6010,506.0,34.0,40537.0,5381.0,347.0,30.0
20220903,123072,12561,-57053,-4565,523.0,32.0,40821.0,5408.0,284.0,27.0
20220904,107781,9635,-50007,-6199,519.0,35.0,41046.0,5439.0,225.0,31.0
20220905,68019,7296,-27879,-2584,512.0,33.0,41285.0,5470.0,239.0,31.0
20220906,112175,9486,-40354,-4733,474.0,32.0,41567.0,5497.0,282.0,27.0
20220907,129771,13568,-40000,-1860,471.0,29.0,41832.0,5526.0,265.0,29.0
20220908,112391,10640,-37477,-3811,461.0,31.0,42093.0,5556.0,261.0,30.0
20220909,99474,9240,-29217,-3173,443.0,32.0,42305.0,5585.0,212.0,29.0
20220910,92721,9988,-30351,-2573,419.0,30.0,42502.0,5612.0,197.0,27.0
20220911,81470,7750,-26311,-1885,412.0,32.0,42629.0,5636.0,127.0,24.0
20220912,52897,5654,-15122,-1642,412.0,32.0,42786.0,5655.0,157.0,19.0
20220913,87548,8855,-24627,-631,376.0,28.0,42977.0,5675.0,191.0,20.0
20220914,100249,10593,-29522,-2975,364.0,26.0,43169.0,5691.0,192.0,16.0
20220915,85851,8825,-26540,-1815,326.0,26.0,43339.0,5705.0,170.0,14.0
20220916,75931,8636,-23543,-604,309.0,26.0,43525.0,5718.0,186.0,13.0
20220917,70964,8018,-21757,-1970,311.0,24.0,43664.0,5728.0,139.0,10.0
20220918,64018,8077,-17452,327,300.0,25.0,43746.0,5734.0,82.0,6.0
20220919,38048,4069,-14849,-1585,299.0,25.0,43819.0,5739.0,73.0,5.0
20220920,31738,3794,-55810,-5061,301.0,28.0,43943.0,5744.0,124.0,5.0
20220921,69821,7059,-30428,-3534,276.0,21.0,44063.0,5753.0,120.0,9.0
20220922,77371,8850,-8480,25,262.0,17.0,44169.0,5760.0,106.0,7.0
20220923,63849,7559,-12082,-1077,238.0,16.0,44260.0,5768.0,91.0,8.0
20220924,39198,4855,-31766,-3163,239.0,15.0,44329.0,5777.0,69.0,9.0
20220925,46766,5621,-17252,-2456,232.0,16.0,44373.0,5786.0,44.0,9.0
20220926,43563,6316,5515,2247,225.0,20.0,44461.0,5792.0,88.0,6.0
20220927,40450,5247,8712,1453,225.0,20.0,44461.0,5792.0,0.0,0.0
20220928,49841,5327,-19980,-1732,204.0,17.0,44557.0,5800.0,96.0,8.0
20220929,42203,5032,-35168,-3818,188.0,14.0,44684.0,5810.0,127.0,10.0
20220930,36699,4558,-27150,-3001,178.0,15.0,44795.0,5822.0,111.0,12.0
20221001,35420,3834,-3778,-1021,165.0,14.0,44906.0,5832.0,111.0,10.0
20221002,29516,2922,-17250,-2699,162.0,13.0,44977.0,5845.0,71.0,13.0
20221003,15182,1673,-28381,-4643,162.0,14.0,45030.0,5856.0,53.0,11.0
20221004,39591,4310,-859,-937,167.0,14.0,45095.0,5867.0,65.0,11.0
20221005,41086,4067,-8755,-1260,160.0,10.0,45174.0,5875.0,79.0,8.0
20221006,33527,3042,-8676,-1990,149.0,10.0,45265.0,5882.0,91.0,7.0
20221007,29861,3554,-6838,-1004,150.0,10.0,45338.0,5891.0,73.0,9.0
20221008,26775,2605,-8645,-1229,153.0,10.0,45427.0,5898.0,89.0,7.0
20221009,22725,2242,-6791,-680,137.0,9.0,45484.0,5904.0,57.0,6.0
20221010,13053,1372,-2129,-301,134.0,8.0,45534.0,5908.0,50.0,4.0
20221011,13145,1504,-26446,-2806,138.0,8.0,45561.0,5912.0,27.0,4.0
20221012,45553,4790,4467,723,135.0,12.0,45615.0,5918.0,54.0,6.0
20221013,45713,4338,12186,1296,143.0,13.0,45693.0,5923.0,78.0,5.0
20221014,36562,3495,6701,-59,131.0,10.0,45756.0,5928.0,63.0,5.0
20221015,34976,3239,8201,634,118.0,9.0,45823.0,5932.0,67.0,4.0
20221016,29683,2714,6958,472,121.0,9.0,45870.0,5936.0,47.0,4.0
20221017,15395,1588,2342,216,118.0,9.0,45890.0,5941.0,20.0,5.0
20221018,42344,4213,29199,2709,116.0,9.0,45946.0,5947.0,56.0,6.0
20221019,43586,4204,-1967,-586,125.0,9.0,46014.0,5952.0,68.0,5.0
20221020,36144,3489,-9569,-849,113.0,11.0,46085.0,5956.0,71.0,4.0
20221021,32009,2840,-4553,-655,106.0,9.0,46152.0,5962.0,67.0,6.0
20221022,33835,3231,-1141,-8,107.0,11.0,46230.0,5967.0,78.0,5.0
20221023,30865,2805,1182,91,115.0,11.0,46274.0,5971.0,44.0,4.0
20221024,16846,1735,1451,147,115.0,11.0,46309.0,5977.0,35.0,6.0
20221025,47769,4702,5425,489,118.0,14.0,46347.0,5980.0,38.0,3.0
20221026,50350,4347,6764,143,123.0,15.0,46414.0,5982.0,67.0,2.0
20221027,42576,3941,6432,452,120.0,17.0,46485.0,5986.0,71.0,4.0
20221028,39367,3520,7358,680,121.0,14.0,46536.0,5991.0,51.0,5.0
20221029,44528,4121,10693,890,129.0,14.0,46594.0,5995.0,58.0,4.0
20221030,40655,3687,9790,882,128.0,15.0,46636.0,6001.0,42.0,6.0
20221031,22399,2019,5553,284,129.0,15.0,46659.0,6005.0,23.0,4.0
20221101,65387,6520,17618,1818,136.0,18.0,46711.0,6010.0,52.0,5.0
20221102,70467,6346,20117,1999,141.0,16.0,46781.0,6013.0,70.0,3.0
20221103,67713,6686,25137,2745,146.0,18.0,46850.0,6015.0,69.0,2.0
20221104,34108,3090,-5259,-430,161.0,19.0,46909.0,6018.0,59.0,3.0
20221105,74330,7967,29802,3846,162.0,18.0,46981.0,6020.0,72.0,2.0
20221106,66573,6264,25918,2577,170.0,18.0,47027.0,6021.0,46.0,1.0
20221107,31692,3489,9293,1470,174.0,18.0,47069.0,6022.0,42.0,1.0
20221108,81517,8665,16130,2145,176.0,20.0,47139.0,6025.0,70.0,3.0
20221109,87419,9012,16952,2666,177.0,18.0,47236.0,6030.0,97.0,5.0
20221110,78475,7969,10762,1283,188.0,18.0,47336.0,6037.0,100.0,7.0
20221111,74124,7899,40016,4809,210.0,20.0,47417.0,6044.0,81.0,7.0
20221112,79589,8021,5259,54,224.0,20.0,47512.0,6052.0,95.0,8.0
20221113,68979,6922,2406,658,232.0,21.0,47579.0,6055.0,67.0,3.0
20221114,37595,4025,5903,536,239.0,21.0,47627.0,6059.0,48.0,4.0
20221115,102881,11196,21364,2531,257.0,26.0,47715.0,6064.0,88.0,5.0
20221116,107238,10114,19819,1102,263.0,23.0,47826.0,6071.0,111.0,7.0
20221117,93072,9755,14597,1786,258.0,22.0,47959.0,6077.0,133.0,6.0
20221118,84573,8292,10449,393,260.0,22.0,48058.0,6086.0,99.0,9.0
20221119,89958,9457,10369,1436,261.0,19.0,48159.0,6095.0,101.0,9.0
20221120,77759,7777,8780,855,262.0,19.0,48281.0,6102.0,122.0,7.0
20221121,42462,4619,4867,594,259.0,19.0,48338.0,6108.0,57.0,6.0
20221122,121558,12758,18677,1562,263.0,17.0,48482.0,6114.0,144.0,6.0
20221123,133435,12850,26197,2736,266.0,17.0,48642.0,6123.0,160.0,9.0
20221124,60128,5639,-32944,-4116,281.0,15.0,48772.0,6130.0,130.0,7.0
20221125,116882,12938,32309,4646,295.0,20.0,48872.0,6141.0,100.0,11.0
20221126,125350,13569,35392,4112,303.0,18.0,49036.0,6150.0,164.0,9.0
20221127,98400,10346,20641,2569,308.0,17.0,49178.0,6156.0,142.0,6.0
20221128,49164,5767,6702,1148,322.0,17.0,49281.0,6162.0,103.0,6.0
20221129,127485,14680,5927,1922,334.0,20.0,49434.0,6169.0,153.0,7.0
20221130,138485,14399,5050,1549,342.0,18.0,49644.0,6180.0,210.0,11.0
20221201,118259,12332,58131,6693,339.0,19.0,49826.0,6194.0,182.0,14.0
20221202,109994,11244,-6888,-1694,349.0,20.0,50013.0,6215.0,187.0,21.0
20221203,109632,13321,-15718,-248,341.0,20.0,50193.0,6228.0,180.0,13.0
20221204,89622,10454,-8778,108,353.0,20.0,50344.0,6244.0,151.0,16.0
20221205,47685,5388,-1479,-379,348.0,22.0,50461.0,6258.0,117.0,14.0
20221206,137265,15501,9780,821,361.0,21.0,50608.0,6277.0,147.0,19.0
20221207,149356,14946,10871,547,346.0,19.0,50819.0,6287.0,211.0,10.0
20221208,133109,14104,14850,1772,363.0,17.0,51062.0,6307.0,243.0,20.0
20221209,127730,13556,17736,2312,378.0,17.0,51290.0,6329.0,228.0,22.0
20221210,135783,14558,26151,1237,378.0,15.0,51512.0,6353.0,222.0,24.0
20221211,119462,12163,29840,1709,386.0,15.0,51702.0,6370.0,190.0,17.0
20221212,62374,7044,14689,1656,409.0,15.0,51829.0,6388.0,127.0,18.0
20221213,175938,19800,38673,4299,431.0,19.0,52043.0,6400.0,214.0,12.0
20221214,190843,18812,41487,3866,448.0,22.0,52287.0,6414.0,244.0,14.0
20221215,168494,17687,35385,3583,461.0,23.0,52564.0,6437.0,277.0,23.0
20221216,153873,16273,26143,2717,491.0,30.0,52823.0,6458.0,259.0,21.0
20221217,158620,17020,22837,2462,482.0,33.0,53087.0,6481.0,264.0,23.0
20221218,136418,13647,16956,1484,482.0,32.0,53319.0,6496.0,232.0,15.0
20221219,71342,7947,8968,903,476.0,32.0,53499.0,6507.0,180.0,11.0
20221220,185699,20513,9761,713,493.0,37.0,53730.0,6521.0,231.0,14.0
20221221,207084,21186,16241,2374,530.0,44.0,54026.0,6541.0,296.0,20.0
20221222,184316,18820,15822,1133,545.0,42.0,54365.0,6559.0,339.0,18.0
20221223,174337,17332,20464,1059,536.0,44.0,54680.0,6581.0,315.0,22.0
20221224,177837,18731,19217,1711,530.0,43.0,55019.0,6605.0,339.0,24.0
20221225,149773,15403,13355,1756,556.0,44.0,55325.0,6624.0,306.0,19.0
20221226,77310,8428,5968,481,563.0,44.0,55542.0,6642.0,217.0,18.0
20221227,203020,22063,17321,1550,582.0,52.0,55813.0,6664.0,271.0,22.0
20221228,216957,20243,9873,-943,577.0,49.0,56228.0,6685.0,415.0,21.0
20221229,192630,18372,8314,-448,565.0,47.0,56648.0,6708.0,420.0,23.0
20221230,149537,14525,-24800,-2807,574.0,48.0,56974.0,6734.0,326.0,26.0
20221231,107621,11190,-70216,-7541,588.0,46.0,57272.0,6755.0,298.0,21.0
20230101,87042,9186,-62731,-6217,592.0,45.0,57519.0,6779.0,247.0,24.0
20230102,76015,7537,-1295,-891,595.0,45.0,57730.0,6804.0,211.0,25.0
20230103,89643,9628,-113377,-12435,602.0,45.0,57958.0,6828.0,228.0,24.0
20230104,104304,10554,-112653,-9689,615.0,47.0,58183.0,6850.0,225.0,22.0
20230105,226904,20735,34274,2363,650.0,49.0,58496.0,6875.0,313.0,25.0
20230106,245542,20720,96005,6195,659.0,53.0,58952.0,6904.0,456.0,29.0
20230107,238654,19630,131033,8440,668.0,55.0,59415.0,6939.0,463.0,35.0
20230108,190538,15124,103496,5938,671.0,54.0,59822.0,6969.0,407.0,30.0
20230109,95308,8199,19293,662,648.0,55.0,60158.0,6997.0,336.0,28.0
